Book name,Author,Rating,reviews count,form,price,Reading age,Print Length,Publishing date,Genre,id_2023,id_2024,id_2025
Atomic Habits: An Easy & Proven Way to Build Good Habits & Break Bad Ones,James Clear,4.8 out of 5 stars,145747,Hardcover,$18.88,,320,16/10/2018,Self-Improvement,#1,#3,#6
"Iron Flame (Standard Edition) (The Empyrean, 2)",Rebecca Yarros,4.7 out of 5 stars,395512,Hardcover,$11.05,,640,07/11/2023,Fiction & Action & Adventure,#2,#13,
Spare,Prince Harry  The Duke of Sussex,4.5 out of 5 stars,116101,Hardcover,$11.99,,416,"January 10, 2023",Biographies & Memoirs,#3,,
Fourth Wing,Rebecca Yarros,4.8 out of 5 stars,472618,Paperback,$13.62,,544,17/09/2024,Fiction & Action & Adventure,#4,#16,#76
The Woman in Me,Britney Spears,4.4 out of 5 stars,51520,Hardcover,$11.37,,288,"October 24, 2023",Biographies & Memoirs,#5,,
Lessons in Chemistry: A Novel,Bonnie Garmus,4.6 out of 5 stars,322650,Hardcover,$13.94,,400,"April 5, 2022",Fiction & Action & Adventure,#6,,
The 48 Laws of Power,Robert Greene,4.7 out of 5 stars,87375,Paperback,$13.99,,452,01/09/2000,Politics & Social Sciences,#7,#11,#53
"The Body Keeps the Score: Brain, Mind, and Body in the Healing of Trauma",Bessel van der Kolk M.D.,4.8 out of 5 stars,82564,Paperback,$14.39,18 years and up,464,08/09/2015,Health & Fitness & Dieting,#8,#18,#16
It Starts with Us: A Novel (It Ends with Us),Colleen Hoover,4.5 out of 5 stars,228242,Paperback,$1.88,,336,18/10/2022,Fiction & Action & Adventure,#9,#19,
Outlive: The Science and Art of Longevity,Peter Attia MD,4.6 out of 5 stars,19946,Hardcover,$18.00,,496,28/03/2023,Health & Fitness & Dieting,#10,#52,#62
It Ends with Us: A Novel,Colleen Hoover,4.7 out of 5 stars,405311,Paperback,$9.03,,384,02/08/2016,Fiction & Action & Adventure,#11,#9,
The Housemaid,Freida McFadden,4.5 out of 5 stars,653111,Paperback,$9.69,,336,23/08/2022,Mystery & Thriller & Suspense,#12,#15,#5
The Very Hungry Caterpillar,Eric Carle,4.9 out of 5 stars,78436,Board book,$5.75,1 - 2 years,26,23/03/1994,Reading & Writing,#13,#46,#17
Killers of the Flower Moon: The Osage Murders and the Birth of the FBI,David Grann,4.4 out of 5 stars,80996,Paperback,$9.99,,416,"April 3, 2018",Politics & Social Sciences,#14,,
Verity,Colleen Hoover,4.6 out of 5 stars,443390,Paperback,$12.09,,336,26/10/2021,Fiction & Action & Adventure,#15,#40,#82
The Seven Husbands of Evelyn Hugo,Taylor Jenkins Reid,4.6 out of 5 stars,270507,Paperback,$6.91,,400,29/05/2018,Fiction & Action & Adventure,#16,#73,
The Creative Act: A Way of Being,Rick Rubin,4.7 out of 5 stars,10805,Hardcover,$16.99,,432,17/01/2023,Health & Fitness & Dieting,#17,#91,
Taylor Swift: A Little Golden Book Biography,"Wendy Loggia, Elisa Chavarri",4.9 out of 5 stars,9344,Hardcover,$4.35,5 years and up,24,02/05/2023,Arts & Music & Photography,#18,#92,
The Four Agreements: A Practical Guide to Personal Freedom,"Janet Mills, Don Miguel Ruiz",4.7 out of 5 stars,119661,Paperback,$7.05,,160,07/11/1997,Self-Improvement,#19,#29,#47
Demon Copperhead: A Novel,Barbara Kingsolver,4.6 out of 5 stars,146667,Hardcover,$17.10,,560,"October 18, 2022",Fiction & Action & Adventure,#20,,
A Court of Thorns and Roses,Sarah J. Maas,4.6 out of 5 stars,314472,Paperback,$12.80,,448,02/06/2020,Fiction & Action & Adventure,#21,#12,
Interesting Facts For Curious Minds,Jordan Moore,4.6 out of 5 stars,15400,Paperback,$10.41,,196,18/07/2022,Puzzles & Games,#22,#49,
No Brainer (Diary of a Wimpy Kid #18) (Volume 18),Jeff Kinney,4.7 out of 5 stars,13081,Hardcover,$2.03,8 years and up,224,"October 24, 2023",Reading & Writing,#23,,
I Love You to the Moon and Back,Amelia Hepworth,4.9 out of 5 stars,80263,Board book,$3.97,baby and up,28,03/03/2015,Reading & Writing,#24,#26,
Dog Man: Twenty Thousand Fleas Under the Sea: A Graphic Novel (Dog Man #11): From the Creator of Captain Underpants,Dav Pilkey,4.8 out of 5 stars,11089,Hardcover,$5.48,7 years and up,240,"March 28, 2023",Comics & Graphic Novels,#25,#28,
Things We Never Got Over (Knockemout),Lucy Score,4.5 out of 5 stars,232211,Paperback,$9.77,,570,"January 12, 2022",Fiction & Action & Adventure,#26,,
The Covenant of Water (Oprah's Book Club),Abraham Verghese,4.6 out of 5 stars,94536,Hardcover,$17.96,,736,"May 2, 2023",Fiction & Action & Adventure,#27,,
"Brown Bear, Brown Bear, What Do You See?","Bill Martin Jr. , Eric Carle",4.9 out of 5 stars,55794,Board book,$4.82,1 - 2 years,24,15/09/1996,Reading & Writing,#28,#36,#37
Baking Yesteryear: The Best Recipes from the 1900s to the 1980s,B. Dylan Hollis,4.9 out of 5 stars,13217,Hardcover,$16.78,,256,"July 25, 2023",Cookbooks & Food,#29,,
I Love You Like No Otter: A Funny and Sweet Valentine's Day Board Book for Babies and Toddlers (Punderland),Rose Rossner,4.9 out of 5 stars,14622,Board book,$5.37,baby and up,24,07/01/2020,Reading & Writing,#30,#43,#30
"Friends, Lovers, and the Big Terrible Thing",Matthew Perry,4.5 out of 5 stars,60311,Hardcover,$10.83,,272,"November 1, 2022",Humor & Entertainment,#31,,
Rich Dad Poor Dad,Robert T. Kiyosaki,4.7 out of 5 stars,106198,Paperback,$7.34,,336,"April 5, 2022",Business & Money,#32,,
"The Wager: A Tale of Shipwreck, Mutiny and Murder",David Grann,4.4 out of 5 stars,39574,Hardcover,$14.47,1 year and up,352,"April 18, 2023",Biographies & Memoirs,#33,,
"Oh, the Places You'll Go!",Dr. Seuss ,4.9 out of 5 stars,53602,Hardcover,$8.64,3 - 4 years,56,22/01/1990,Reading & Writing,#34,#41,
My First Library: Boxset of 10 Board Books for Kids,Wonder House Books,4.6 out of 5 stars,88321,Board book,$14.99,1 - 2 years,220,25/04/2018,Reading & Writing,#35,#37,#13
If He Had Been with Me,Laura Nowlin,4.2 out of 5 stars,60754,Paperback,$6.88,,400,01/11/2019,Fiction & Action & Adventure,#36,#79,
Goodnight Moon,"Margaret Wise Brown, Clement Hurd",4.9 out of 5 stars,31124,Board book,$1.89,baby and up,34,"August 2, 1991",Arts & Music & Photography,#37,,#81
"Tomorrow, and Tomorrow, and Tomorrow",Gabrielle Zevin,4.4 out of 5 stars,129310,Hardcover,$13.28,,416,"July 5, 2022",Fiction & Action & Adventure,#38,,
"World of Eric Carle, Around the Farm 30",PI Kids,4.8 out of 5 stars,26464,Hardcover,$11.99,1 - 2 years,24,31/01/2013,Reading & Writing,#39,#31,
The Wonderful Things You Will Be,Emily Winfield Martin,4.9 out of 5 stars,32274,Hardcover,$9.45,3 years and up,36,25/08/2015,Reading & Writing,#40,#70,#77
Fourth Wing (Special Edition),Rebecca Yarros,4.6 out of 5 stars,5028,Hardcover,$26.91,,528,"November 7, 2023",Fiction & Action & Adventure,#41,,
The Silent Patient,Alex Michaelides,4.4 out of 5 stars,398561,Paperback,$2.39,,368,04/05/2021,Mystery & Thriller & Suspense,#42,#97,
Remarkably Bright Creatures: A Read with Jenna Pick,Shelby Van Pelt,4.6 out of 5 stars,129211,Board book,$14.53,,368,03/05/2022,Mystery & Thriller & Suspense,#43,#45,
"The Psychology of Money: Timeless lessons on wealth, greed, and happiness",Morgan Housel,4.7 out of 5 stars,68563,Paperback,$14.18,,256,08/09/2020,Business & Money,#44,#25,#23
The Shadow Work Journal,Keila Shaheen,4.7 out of 5 stars,6331,Paperback,$23.66,,138,"November 2, 2021",Health & Fitness & Dieting,#45,,
Oath and Honor: A Memoir and a Warning,Liz Cheney,4.8 out of 5 stars,17084,Hardcover,$14.78,,384,"December 5, 2023",Biographies & Memoirs,#46,,
Where's Bluey?: A Search-and-Find Book,Penguin Young Readers Licenses,4.8 out of 5 stars,9137,Paperback,$2.70,2 years and up,32,"January 25, 2022",Arts & Music & Photography,#47,#60,#94
Twisted Love,Ana Huang,4.2 out of 5 stars,142671,Paperback,$9.99,,352,"September 27, 2022",Fiction & Action & Adventure,#48,,
Icebreaker,Hannah Grace,4.3 out of 5 stars,113454,Paperback,$9.40,,448,"February 7, 2023",Fiction & Action & Adventure,#49,,
Things We Hide from the Light,Lucy Score,4.4 out of 5 stars,119095,Paperback,$9.95,,592,"February 21, 2023",Fiction & Action & Adventure,#50,,
Reminders of Him: A Novel,Colleen Hoover,4.7 out of 5 stars,347742,Paperback,$9.03,,335,"January 18, 2022",Fiction & Action & Adventure,#51,,
A Court of Mist and Fury,Sarah J. Maas,4.8 out of 5 stars,287325,Paperback,$12.16,,656,02/06/2020,Fiction & Action & Adventure,#52,#32,
The Legend of Zelda™: Tears of the Kingdom – The Complete Official Guide: Collector's Edition,Piggyback,4.8 out of 5 stars,7876,Hardcover,$20.19,,496,"July 7, 2023",Computers & Technology,#53,,
Elon Musk,Walter Isaacson,4.7 out of 5 stars,22689,Hardcover,$19.93,,688,"September 12, 2023",Biographies & Memoirs,#54,,
I Will Teach You to Be Rich: No Guilt. No Excuses. Just a 6-Week Program That Works (Second Edition),Ramit Sethi,4.6 out of 5 stars,23034,Paperback,$10.17,,352,"May 14, 2019",Business & Money,#55,,
Haunting Adeline,H. D. Carlton,4.4 out of 5 stars,163368,Paperback,$17.18,,627,13/08/2021,Mystery & Thriller & Suspense,#56,#87,
How to Catch a Dinosaur,Adam Wallace,4.8 out of 5 stars,18031,Hardcover,$5.60,3 years and up,40,"September 3, 2019",Reading & Writing,#57,,
Ugly Love: A Novel,Colleen Hoover,4.6 out of 5 stars,165631,Paperback,$8.91,,336,"August 5, 2014",Fiction & Action & Adventure,#58,,
If Animals Kissed Good Night,Ann Whitford Paul,4.8 out of 5 stars,75734,Board book,$4.23,baby and up,34,"June 3, 2014",Reading & Writing,#59,,
Happy Place,Emily Henry,4.2 out of 5 stars,107168,Hardcover,$12.29,,400,"April 25, 2023",Fiction & Action & Adventure,#60,,
Twisted Games,Ana Huang,4.4 out of 5 stars,108327,Paperback,$9.74,,448,"September 27, 2022",Romance,#61,,
Chicka Chicka Boom Boom,"Bill Martin Jr.,  John Archambault , Lois Ehlert",4.9 out of 5 stars,41314,Board book,$4.17,1 - 2 years,36,01/01/2012,Reading & Writing,#62,#47,#52
Hello Beautiful (Oprah's Book Club): A Novel,Ann Napolitano,4.4 out of 5 stars,109707,Hardcover,$13.97,,400,"March 14, 2023",Fiction & Action & Adventure,#63,,
The Democrat Party Hates America,Mark R. Levin,4.8 out of 5 stars,5751,Hardcover,$13.47,,400,"September 19, 2023",Politics & Social Sciences,#64,,
A Little Life,Hanya Yanagihara,4.5 out of 5 stars,86622,Paperback,$9.25,,832,"January 26, 2016",Fiction & Action & Adventure,#65,,
Meditations,Marcus Aurelius,4.8 out of 5 stars,18227,Paperback,$8.18,,272,"May 6, 2003",Politics & Social Sciences,#66,,
Holly,Stephen King,4.5 out of 5 stars,43046,Hardcover,$13.98,,464,"September 5, 2023",Mystery & Thriller & Suspense,#67,,
The Heaven & Earth Grocery Store,James McBride,4.4 out of 5 stars,73210,Hardcover,$15.05,,400,08/08/2023,Fiction & Action & Adventure,#68,#100,
Scholastic Flash Cards: Sight Words,Scholastic,4.8 out of 5 stars,32845,Cards,$3.07,4 years and up,,01/03/2018,Schools & Teaching,#69,#53,#42
Think and Grow Rich: The Landmark Bestseller Now Revised and Updated for the 21st Century (Think and Grow Rich Series),Napoleon Hill,4.8 out of 5 stars,29360,Paperback,$8.24,,320,"December 15, 2007",Business & Money,#70,,
Daisy Jones & The Six: Reese's Book Club: A Novel,Taylor Jenkins Reid,4.4 out of 5 stars,95715,Paperback,$9.33,,400,"February 4, 2020",Fiction & Action & Adventure,#71,,
A Court of Thorns and Roses Paperback Box Set (5 books),Sarah J. Maas,4.8 out of 5 stars,52380,Paperback,$47.90,,2896,01/11/2022,Fiction & Action & Adventure,#72,#27,#85
How to Win Friends & Influence People,Dale Carnegie ,4.7 out of 5 stars,109703,Paperback,$15.44,,320,01/10/1998,Self-Improvement,#73,#63,
The Complete Cookbook for Young Chefs,America’s Test Kitchen Kids,4.8 out of 5 stars,25279,Hardcover,$9.40,8 years and up,208,16/10/2018,Cookbooks & Food,#74,#64,#99
"The Boy, the Mole, the Fox and the Horse: Inspiring Conversations on Hope, Love and Personal Growth",Charlie Mackesy,4.8 out of 5 stars,127734,Hardcover,$17.62,7 years and up,128,"October 22, 2019",Comics & Graphic Novels,#75,,
Can't Hurt Me: Master Your Mind and Defy the Odds,David Goggins,4.8 out of 5 stars,104512,Paperback,$24.99,,364,"December 10, 2018",Self-Improvement,#76,,
The Complete Summer I Turned Pretty Trilogy (Boxed Set): The Summer I Turned Pretty; It's Not Summer Without You; We'll Always Have Summer,Jenny Han,4.8 out of 5 stars,14746,Paperback,$24.62,12 years and up ,928,"May 7, 2013",Fiction & Action & Adventure,#77,,
The Exchange: After The Firm (The Firm Series),John Grisham,4.1 out of 5 stars,72785,Hardcover,$12.97,,352,"October 17, 2023",Mystery & Thriller & Suspense,#78,,
Dragons Love Tacos,"Adam Rubin, Daniel Salmieri",4.8 out of 5 stars,20638,Hardcover,$9.82,2 years and up,40,14/06/2012,Reading & Writing,#79,#94,
The Nightingale: A Novel,Kristin Hannah,4.7 out of 5 stars,396005,Paperback,$13.48,,608," April 25, 2017",Fiction & Action & Adventure,#80,#22,#14
Harry Potter Paperback Box Set,"J. K. Rowling, Mary GrandPre?",4.9 out of 5 stars,65142,Paperback,$52.62,9 years and up,,"July 1, 2009",Reading & Writing,#81,,
Adult Children of Emotionally Immature Parents,Lindsay C. Gibson,4.8 out of 5 stars,27090,Paperback,$10.21,,216,"June 1, 2015",Self-Improvement,#82,,
Stop Overthinking,Nick Trenton,4.7 out of 5 stars,14647,Paperback,$10.20,,200,"March 1, 2021",Business & Money,#83,,
A Court of Wings and Ruin,Sarah J. Maas,4.7 out of 5 stars,269981,Paperback,$12.81,,736,02/06/2020,Fiction & Action & Adventure,#84,#44,
The Subtle Art of Not Giving a F*ck,Mark Manson,4.5 out of 5 stars,158416,Hardcover,$13.43,,224,"September 13, 2016",Self-Improvement,#85,,
American Prometheus,"Kai Bird, Martin J. Sherwin",4.7 out of 5 stars,13739,Paperback,$14.71,,721,"May 1, 2006",Biographies & Memoirs,#86,,
Fast Like a Girl,Dr. Mindy Pelz,4.7 out of 5 stars,7992,Hardcover,$12.81,,352,"December 27, 2022",Health & Fitness & Dieting,#87,,
The Shadow Work Journal 2nd Edition,Keila Shaheen,4.6 out of 5 stars,3296,Paperback,$21.74,,227,"February 28, 2023",Self-Improvement,#88,,
The Alchemist,Paulo Coelho,4.6 out of 5 stars,123058,Paperback,$5.03,,208,"April 15, 2014",Biographies & Memoirs,#89,,#88
Love You Forever,"Robert Munsch, Sheila McGraw",4.9 out of 5 stars,67104,Paperback,$4.98,baby and up,32,"September 1, 1995",Reading & Writing,#90,,
How to Catch a Unicorn,"Adam Wallace, Andy Elkerton",4.8 out of 5 stars,37369,Hardcover,$5.96,3 years and up,40,"March 5, 2019",Reading & Writing,#91,,
All the Light We Cannot See,Anthony Doerr,4.5 out of 5 stars,235857,Paperback,$10.18,,544,"April 4, 2017",Fiction & Action & Adventure,#92,,
The Ballad of Songbirds and Snakes,Suzanne Collins,4.5 out of 5 stars,105084,Paperback,$10.83,12 years and up ,528,"August 1, 2023",Fiction & Action & Adventure,#93,,
What to Expect When You're Expecting,Heidi Murkoff,4.8 out of 5 stars,30260,Paperback,$9.43,,656,31/05/2016,Health & Fitness & Dieting,#94,#76,#72
The Last Thing He Told Me,Laura Dave,4.3 out of 5 stars,168512,Paperback,$7.16,,336,"March 21, 2023",Fiction & Action & Adventure,#95,,
"From Crook to Cook: Platinum Recipes from Tha Boss Dogg's Kitchen (Snoop Dogg Cookbook, Celebrity Cookbook with Soul Food Recipes)",Snoop Dogg,4.8 out of 5 stars,40073,Hardcover,$12.00,1 year and up,192,23/10/2018,Cookbooks & Food,#96,#75,#65
The 5 Love Languages,Gary Chapman,4.8 out of 5 stars,91554,Paperback,$1.89,,224,"June 1, 2024",Self-Improvement,#97,,
"My First Learn-to-Write Workbook: Practice for Kids with Pen Control, Line Tracing, Letters, and More!",Crystal Radke,4.8 out of 5 stars,89173,Paperback,$5.26,3 - 4 years,84,27/08/2019,Reading & Writing,#98,#33,#8
How to Catch a Mermaid,"Adam Wallace, Andy Elkerton",4.8 out of 5 stars,34994,Hardcover,$5.71,3 years and up,40," July 17, 2018",Reading & Writing,#99,,
A Court of Frost and Starlight,Sarah J. Maas,4.2 out of 5 stars,181184,Paperback,$12.74,,272,02/06/2020,Fiction & Action & Adventure,#100,#57,
The Women: A Novel,Kristin Hannah,4.7 out of 5 stars,315946,Hardcover,$20.50,,480,06/02/2024,Fiction & Action & Adventure,,#1,#44
"Onyx Storm (Wing and Claw Collection) (The Empyrean, 3)",Rebecca Yarros,4.6 out of 5 stars,283105,Hardcover,$8.03,,566,21/01/2025,Fiction & Action & Adventure,,#2,#18
Hillbilly Elegy: A Memoir of a Family and Culture in Crisis,J. D. Vance,4.4 out of 5 stars,124288,Paperback,$13.51,,288,01/05/2018,History,,#4,
The Housemaid,Freida McFadden,4.5 out of 5 stars,653111,Paperback,$9.69,,336,23/08/2022,Mystery & Thriller & Suspense,,#5,
"Mom, I Want to Hear Your Story: A Mother’s Guided Journal To Share Her Life & Her Love (Hear Your Story Books)","Jeffrey Mason , Hear Your Story",4.7 out of 5 stars,20096,Paperback,$11.95,,108,19/07/2019,Parenting & Relationships,,#6,#36
"Dad, I Want to Hear Your Story: A Father’s Guided Journal To Share His Life & His Love (Hear Your Story Books)","Jeffrey Mason, Hear Your Story",4.7 out of 5 stars,13431,Paperback,$8.79,,110,27/05/2019,Arts & Music & Photography,,#7,
The Anxious Generation: How the Great Rewiring of Childhood Is Causing an Epidemic of Mental Illness,Jonathan Haidt,4.6 out of 5 stars,11570,Hardcover,$14.01,,400,26/03/2024,Parenting & Relationships,,#8,#19
It Ends with Us: A Novel,Colleen Hoover,4.7 out of 5 stars,405311,Paperback,$9.03,,384,02/08/2016,Fiction & Action & Adventure,,#9,
Good Energy: The Surprising Connection Between Metabolism and Limitless Health,Casey Means MD,4.6 out of 5 stars,5091,Hardcover,$14.88,,400,14/05/2024,Health & Fitness & Dieting,,#10,
Dog Man: The Scarlet Shedder: A Graphic Novel (Dog Man #12): From the Creator of Captain Underpants,Dav Pilkey,4.8 out of 5 stars,10416,Hardcover,$8.38,7 years and up,224,19/03/2024,Comics & Graphic Novels,,#14,
Melania,Melania Trump,4.6 out of 5 stars,12421,Hardcover,$17.00,,256,08/10/2024,Biographies & Memoirs,,#17,
"How To Draw Everything: 300 Drawings of Cute Stuff, Animals, Food, Gifts, and other Amazing Things | Book For Kids",Emma Greene,4.7 out of 5 stars,6506,Paperback,$10.90,6 years and up,110,18/11/2023,Arts & Music & Photography,,#20,#4
Hot Mess: A laugh-out-loud summer disaster from the #1 international bestselling Diary of a Wimpy Kid series (Book 19) (Volume 19),Jeff Kinney,4.7 out of 5 stars,5812,Hardcover,$2.69,9 years and up,224,22/10/2024,Reading & Writing,,#21,
The Housemaid Is Watching,Freida McFadden,4.2 out of 5 stars,270851,Paperback,$12.58,,400,11/06/2024,Fiction & Action & Adventure,,#23,#59
"Little Corner: Coloring Book for Adults and Teens, Super Cute Designs of Cozy, Hygge Spaces for Relaxation (Cozy Spaces Coloring)",Coco Wyo,4.8 out of 5 stars,9897,Paperback,$9.99,16 years and up,88,29/05/2024,Arts & Music & Photography,,#24,#22
I Love You to the Moon and Back,Amelia Hepworth,4.9 out of 5 stars,80263,Board book,$3.97,baby and up,28,03/03/2015,Reading & Writing,,#26,#15
Cozy Friends: Coloring Book for Adults and Teens Featuring Super Cute Animal Characters with Easy and Simple Designs for Relaxation,Coco Wyo,4.8 out of 5 stars,10232,Paperback,$9.99,,88,22/05/2024,Arts & Music & Photography,,#30,#10
A Court of Mist and Fury,Sarah J. Maas,4.8 out of 5 stars,287325,Paperback,$12.16,,656,02/06/2020,Fiction & Action & Adventure,,#32,
"Stress Relief: Coloring Book for Adults and Kids, Bold and Easy, Simple and Big Designs for Relaxation Featuring Animals, Landscape, Flowers, Patterns, Cute Things And Many More",Coco Wyo,4.8 out of 5 stars,6869,Paperback,$9.99,14 years and up,110,04/05/2024,Arts & Music & Photography,,#34,#11
Don't Believe Everything You Think (Expanded Edition): Why Your Thinking Is The Beginning & End Of Suffering (Books By Joseph Nguyen),Joseph Nguyen,4.6 out of 5 stars,22994,Hardcover,$12.54,,192,29/10/2024,Self-Improvement,,#35,#28
The Book of Bill,Alex Hirsch,4.8 out of 5 stars,6058,Hardcover,$14.06,1 year and up,208,23/07/2024,Reading & Writing,,#38,
The Bible in 52 Weeks: A Yearlong Bible Study for Women,Dr. Kimberly D. Moore,4.7 out of 5 stars,30755,Paperback,$2.70,,208,11/02/2020,Bible Study & Reference,,#39,#41
James (Pulitzer Prize Winner): A Novel,Percival Everett,4.6 out of 5 stars,95147,Hardcover,$16.81,,320,19/03/2024,Politics & Social Sciences,,#42,#60
A Court of Wings and Ruin,Sarah J. Maas,4.7 out of 5 stars,269981,Paperback,$12.81,,736,02/06/2020,Fiction & Action & Adventure,,#44,
The Very Hungry Caterpillar,Eric Carle,4.9 out of 5 stars,78436,Board book,$5.75,1 - 2 years,26,23/03/1994,Reading & Writing,,#46,
Spooky Cutie: Coloring Book for Adults and Teens Featuring Adorable Creepy Creatures in Cozy Hygge Moments for Relaxation (Cozy Spaces Coloring),Coco Wyo,4.8 out of 5 stars,6443,Paperback,$9.99,,88,09/07/2024,Arts & Music & Photography,,#48,#69
"The New Menopause: Navigating Your Path Through Hormonal Change with Purpose, Power, and Facts",Mary Claire Haver MD,4.7 out of 5 stars,4255,Hardcover,$19.58,,320,30/04/2024,Health & Fitness & Dieting,,#50,#74
Never Lie,Freida McFadden,4.7 out of 5 stars,303204,Paperback,$7.15,,304,05/12/2023,Mystery & Thriller & Suspense,,#51,
The Big Book of Silly Jokes for Kids,Carole P. Roman,4.7 out of 5 stars,25729,Paperback,$5.44,6 years and up,160,27/08/2019,Reading & Writing,,#54,#25
"The Demon of Unrest: A Saga of Hubris, Heartbreak, and Heroism at the Dawn of the Civil War",Erik Larson,4.5 out of 5 stars,15013,Hardcover,$16.49,,592,30/04/2024,Biographies & Memoirs,,#55,
Difficult Riddles For Smart Kids,M Prefontaine,4.6 out of 5 stars,34573,Paperback,$9.99,8 years and up,79,17/05/2017,Arts & Music & Photography,,#56,
A Court of Frost and Starlight,Sarah J. Maas,4.2 out of 5 stars,181184,Paperback,$12.74,,272,02/06/2020,Fiction & Action & Adventure,,#57,
Holy Bible,Christian Art Publishers,4.9 out of 5 stars,15513,Imitation Leather,$25.64,,1400,01/03/2020,Bible Study & Reference,,#58,
The Lost Book of Herbal Remedies,"Claude Davis, Nicole Apelian",4.7 out of 5 stars,23656,Paperback,$36.00,,304,01/01/2019,Health & Fitness & Dieting,,#59,
A Court of Silver Flames,Sarah J. Maas,4.8 out of 5 stars,246467,Paperback,$9.98,,784,06/09/2022,Fiction & Action & Adventure,,#61,
First Lie Wins,Ashley Elston,4.3 out of 5 stars,100479,Hardcover,$3.00,,352,02/01/2024,Mystery & Thriller & Suspense,,#62,
How to Win Friends & Influence People,Dale Carnegie ,4.7 out of 5 stars,109703,Paperback,$15.44,,320,01/10/1998,Self-Improvement,,#63,
The Complete Cookbook for Young Chefs,America’s Test Kitchen Kids,4.8 out of 5 stars,25279,Hardcover,$9.40,8 years and up,208,16/10/2018,Cookbooks & Food,,#64,
The Teacher,Freida McFadden,4.3 out of 5 stars,243379,Paperback,$9.53,,400,06/02/2024,Mystery & Thriller & Suspense,,#65,
Just for the Summer,Abby Jimenez,4.6 out of 5 stars,145297,Paperback,$2.70,,432,02/04/2024,Fiction & Action & Adventure,,#66,
Fuzzy Hygge: Cute and Cozy Coloring Book,Vivi Tinta,4.8 out of 5 stars,5807,Paperback,$9.63,,88,24/05/2024,Arts & Music & Photography,,#67,#95
All the Colors of the Dark,Chris Whitaker,4.5 out of 5 stars,97696,Hardcover,$15.79,,608,25/06/2024,Mystery & Thriller & Suspense,,#68,
The Let Them Theory: A Life-Changing Tool That Millions of People Can't Stop Talking About,"Mel Robbins, Sawyer Robbins",4.6 out of 5 stars,36122,Hardcover,$9.33,,336,24/12/2024,Self-Improvement,,#69,#1
Murdle: Volume 1,G T Karber,4.8 out of 5 stars,5959,Paperback,$12.84,,386,13/06/2023,Puzzles & Games,,#71,#38
"Hello, Baby Animals","duopress labs, Julissa Mora",4.9 out of 5 stars,7914,Board book,$1.00,,20,13/09/2016,Reading & Writing,,#72,
8 Little Planets,"Chris Ferrie, Lizzy Doyle",4.8 out of 5 stars,10381,Board book,$5.18,1 year and up,18,02/10/2018,Reading & Writing,,#74,
What to Expect When You're Expecting,Heidi Murkoff,4.8 out of 5 stars,30260,Paperback,$9.43,,656,31/05/2016,Health & Fitness & Dieting,,#76,
Be Ready When the Luck Happens,Ina Garten,4.6 out of 5 stars,13716,Hardcover,$13.73,,320,01/10/2024,Biographies & Memoirs,,#77,
Happy Birthday to You!,Dr. Seuss,4.8 out of 5 stars,17396,Hardcover,$9.49,1 year and up,64,12/08/1959,Reading & Writing,,#78,#83
"Dad, I Want to Hear Your Story: A Father’s Guided Journal To Share His Life & His Love (Hear Your Story Books)","Jeffrey Mason, Hear Your Story",4.7 out of 5 stars,13431,Paperback,$8.79,,110,27/05/2019,Arts & Music & Photography,,#80,#20
The Rainbow Fish,Marcus Pfister,4.8 out of 5 stars,8150,Board book,$4.70,3 - 4 years,12,27/01/1999,Reading & Writing,,#81,#31
Wind and Truth: Book Five of the Stormlight Archive,Brandon Sanderson,4.7 out of 5 stars,31249,Hardcover,$19.99,,1344,06/12/2024,Fiction & Action & Adventure,,#82,
If Only I Had Told Her,Laura Nowlin,4.3 out of 5 stars,14292,Paperback,$6.34,15 years and up,416,06/02/2024,Fiction & Action & Adventure,,#83,
Fahrenheit 451,Ray Bradbury,4.6 out of 5 stars,58611,Paperback,$9.05,15 years and up,249,10/01/2012,Politics & Social Sciences,,#84,#39
1984,George Orwell,4.6 out of 5 stars,122245,Paperback,$5.99,16 years and up,328,01/01/1961,Politics & Social Sciences,,#85,#57
The God of the Woods,Liz Moore,4.4 out of 5 stars,109729,Hardcover,$15.35,,496,02/07/2024,Fiction & Action & Adventure,,#86,#87
The Hardest Hidden Pictures Book Ever,Highlights,4.7 out of 5 stars,8907,Paperback,$6.70,6 years and up,144,09/03/2021,Arts & Music & Photography,,#88,
Bluey: Big Backyard: A Coloring Book,Penguin Young Readers Licenses,4.8 out of 5 stars,7381,Paperback,$2.65,2 years and up,64,23/02/2021,Arts & Music & Photography,,#89,
"Mom, I Want to Hear Your Story: A Mother’s Guided Journal To Share Her Life & Her Love (Hear Your Story Books)","Jeffrey Mason , Hear Your Story",4.7 out of 5 stars,20096,Paperback,$11.95,,108,19/07/2019,Parenting & Relationships,,#90,
The Action Bible: God's Redemptive Story,Sergio Cariello,4.9 out of 5 stars,13299,Hardcover,$24.34,8 years and up,832,01/09/2020,Bible Study & Reference,,#93,#43
Dragons Love Tacos,"Adam Rubin, Daniel Salmieri",4.8 out of 5 stars,20638,Hardcover,$9.82,2 years and up,40,14/06/2012,Reading & Writing,,#94,
"The Book of Unusual Knowledge: Big Book of Fascinating Facts & Information | Hardcover Gift for Trivia Buffs, Curious Minds, Adults, Dad & Knowledge Seekers",Publications International Ltd.,4.6 out of 5 stars,22419,Hardcover,$10.18,,704,01/04/2012,Engineering,,#95,#21
The Great Alone,Kristin Hannah,4.6 out of 5 stars,197412,Paperback,$10.45,,576,24/09/2019,Fiction & Action & Adventure,,#96,
Throne of Glass,Sarah J. Maas,4.6 out of 5 stars,170525,Paperback,$10.70,,432,14/02/2023,Fiction & Action & Adventure,,#98,
The Lost Bookshop,Evie Woods,4.4 out of 5 stars,158268,Paperback,$4.99,,448,07/11/2023,Fiction & Action & Adventure,,#99,#68
Sunrise on the Reaping (The Hunger Games),Suzanne Collins,4.7 out of 5 stars,85367,Hardcover,$13.48,12 years and up,400,18/03/2025,Fiction & Action & Adventure,,,#2
Forgotten Home Apothecary : 250 Powerful Remedies at Your Fingertips,Dr. Nicole Apelian,4.7 out of 5 stars,14335,Paperback,$37.01,12 years and up,288,30/08/2024,Health & Fitness & Dieting,,,#3
"World of Eric Carle, Around the Farm 30-Button Animal Sound Book - Great for First Words - PI Kids",PI Kids,4.8 out of 5 stars,26451,Hardcover,$11.99,1 - 2 years,24,31/01/2013,Reading & Writing,,,#7
Partypooper: A side-splitting birthday disaster from the #1 international bestselling Diary of a Wimpy Kid series (Book 20) (Volume 20),Jeff Kinney,4.7 out of 5 stars,5575,Hardcover,$10.97,9 years and up,224,21/10/2025,Friendship & Social Skills & School Life,,,#9
The Frozen River: A GMA Book Club Pick: A Novel,Ariel Lawhon,4.6 out of 5 stars,101295,Paperback,$11.99,,448,05/11/2024,Fiction & Action & Adventure,,,#12
Dog Man: Big Jim Believes: A Graphic Novel (Dog Man #14): From the Creator of Captain Underpants,Dav Pilkey,4.7 out of 5 stars,2420,Hardcover,$9.42,8 years and up,224,11/11/2025,Comics & Graphic Novels,,,#24
The Secret of Secrets: A Novel (Robert Langdon),Dan Brown,4.4 out of 5 stars,49468,Hardcover,$14.00,,688,09/09/2025,Mystery & Thriller & Suspense,,,#26
Girl Moments: Coloring Book for Adults and Teens Featuring Cute Cozy Daily Activities for Relaxation (Cozy Spaces Coloring),Coco Wyo,4.8 out of 5 stars,8113,Paperback,$9.99,,88,26/10/2024,Arts & Music & Photography,,,#27
The Housemaid's Secret,Freida McFadden,4.4 out of 5 stars,348084,Paperback,$9.74,,352,11/07/2023,Mystery & Thriller & Suspense,,,#29
How to Test Negative for Stupid: And Why Washington Never Will?A Senator's Funny and Perceptive Takedown of Washington Politics,John Kennedy,4.8 out of 5 stars,9378,Hardcover,$20.98,,224,07/10/2025,Politics & Social Sciences,,,#32
INNER EXCELLENCE: Train Your Mind for Extraordinary Performance and the Best Possible life,JIM MURPHY,4.7 out of 5 stars,3765,Paperback,$17.00,,360,01/05/2020,Health & Fitness & Dieting,,,#33
"Would You Rather Book For Kids - 300+ Hilarious, Silly, and Challenging Questions To Make You Laugh",Stephen J. Ellis,4.7 out of 5 stars,3004,Paperback,$11.99,7 years and up,144,22/09/2021,Arts & Music & Photography,,,#34
"Oh, the Places You'll Go!",Dr. Seuss ,4.9 out of 5 stars,53602,Hardcover,$8.64,3 - 4 years,56,22/01/1990,Reading & Writing,,,#35
Project Hail Mary: A Novel,Andy Weir,4.7 out of 5 stars,186767,Paperback,$13.98,,496,04/10/2022,Mystery & Thriller & Suspense,,,#40
"Stop, in the Name of God: Why Honoring the Sabbath Will Transform Your Life",Charlie Kirk,4.9 out of 5 stars,476,Hardcover,$29.99,,267,09/12/2025,Bible Study & Reference,,,#45
Broken Country (Reese's Book Club),Clare Leslie Hall,4.5 out of 5 stars,71453,Hardcover,$15.43,,320,04/03/2025,Fiction & Action & Adventure,,,#46
The Widow: A Novel,John Grisham,4.4 out of 5 stars,46020,Hardcover,$13.87,,416,21/10/2025,Mystery & Thriller & Suspense,,,#48
Large Print Easy Color & Frame - Calm (Stress Free Coloring Book),"New Seasons, Publications International Ltd.",4.7 out of 5 stars,6749,Spiral-bound,$6.42,7 years and up,64,29/11/2020,Arts & Music & Photography,,,#49
The Screaming Goat (Book & Figure),Running Press,4.7 out of 5 stars,41584,Paperback,$7.96,,32,05/04/2016,Humor & Entertainment,,,#50
The Wedding People: A Novel,Alison Espach,4.3 out of 5 stars,147730,Hardcover,$19.23,,384,30/07/2024,Fiction & Action & Adventure,,,#51
107 Days,Kamala Harris,4.6 out of 5 stars,7711,Hardcover,$15.18,,320,23/09/2025,Politics & Social Sciences,,,#54
"The Hardest Hidden Pictures Book Ever: Ultra-Challenging Brain Games for Kids Ages 8-12, Advanced Seek and Find Puzzles Book with Over 1,500 Hidden Objects to Find (Highlights Hidden Pictures)",Highlights,4.7 out of 5 stars,8896,Paperback,$6.70,6 years and up,144,09/03/2021,Arts & Music & Photography,,,#55
Potty Time with Bean,"Ms. Rachel, Monique Dong",4.7 out of 5 stars,2668,Board book,$8.77,1 - 2 years,32,07/01/2025,Schools & Teaching,,,#56
The Tenant,Freida McFadden,4.2 out of 5 stars,174300,Paperback,$4.47,,368,06/05/2025,Mystery & Thriller & Suspense,,,#58
Where's Spot?: A Lift-the-Flap Book,Eric Hill,4.8 out of 5 stars,35944,Board book,$4.50,1 - 2 years,22,30/06/2003,Reading & Writing,,,#61
Animal Farm,George Orwell,4.6 out of 5 stars,92537,Paperback,$6.49,14 years and up,140,06/04/2004,Politics & Social Sciences,,,#63
The Going To Bed Book,Sandra Boynton ,4.8 out of 5 stars,19562,Board book,$3.86,1 - 2 years,16,30/11/1982,Reading & Writing,,,#64
The Beginner's Bible: Timeless Children's Stories,The Beginner's Bible,4.9 out of 5 stars,27964,Hardcover,$10.93,2 years and up,512,04/10/2016,Bible Study & Reference,,,#66
Nobody's Girl: A Memoir of Surviving Abuse and Fighting for Justice,Virginia Roberts Giuffre,4.7 out of 5 stars,17892,Hardcover,$16.45,,400,21/10/2025,Biographies & Memoirs,,,#67
The Crash,Freida McFadden,4.2 out of 5 stars,162653,Paperback,$4.99,,384,28/01/2025,Mystery & Thriller & Suspense,,,#70
Dog Man: Big Jim Begins: A Graphic Novel (Dog Man #13): From the Creator of Captain Underpants,Dav Pilkey,4.8 out of 5 stars,7549,Hardcover,$5.64,7 years and up,224,03/12/2024,Comics & Graphic Novels,,,#71
Man's Search for Meaning,Viktor E. Frankl,4.7 out of 5 stars,96578,Paperback,$12.86,,184,01/06/2006,History,,,#75
1929: Inside the Greatest Crash in Wall Street History--and How It Shattered a Nation,Andrew Ross Sorkin,4.6 out of 5 stars,6031,Hardcover,$9.59,,592,14/10/2025,Business & Money,,,#78
Brimstone,Callie Hart,4.4 out of 5 stars,46437,Hardcover,$18.12,,672,18/11/2025,Fiction & Action & Adventure,,,#79
A Navy SEAL's Bug-In Guide: How to Turn Your House into the Safest Place on Earth,Joel Lambert,4.7 out of 5 stars,3577,Paperback,$37.00,,240,01/01/2024,Engineering,,,#80
Why a Daughter Needs a Dad,"Gregory E. Lang, Susanna Leonard Hill, Sydney Hanson",4.9 out of 5 stars,19727,Hardcover,$5.72,baby and up,32,07/05/2019,Reading & Writing,,,#84
My Friends,Fredrik Backman,4.6 out of 5 stars,50581,Hardcover,$12.97,,448,06/05/2025,Fiction & Action & Adventure,,,#86
Lots of Knock-Knock Jokes for Kids,Whee Winn,4.6 out of 5 stars,12949,Paperback,$3.99,5 years and up,128,02/02/2016,Reading & Writing,,,#89
"See You Later, Alligator","Sally Hopgood,  Emma Levey ",4.8 out of 5 stars,3576,Hardcover,$8.91,2 years and up,32,20/09/2016,Reading & Writing,,,#90
"Magic Tree House Boxed Set, Books 1-4","Mary Pope Osborne, Sal Murdocca",4.8 out of 5 stars,23786,Paperback,$14.98,5 years and up,80,29/05/2001,Reading & Writing,,,#91
A People's History of the United States,Howard Zinn,4.7 out of 5 stars,16848,Paperback,$17.98,,784,17/11/2015,History,,,#92
Bob Books,"Bobby Lynn Maslen, Amy Jindra, Karen Wall",4.8 out of 5 stars,22304,Hardcover,$14.13,3 years and up,144,01/05/2006,Reading & Writing,,,#93
Alchemised,SenLinYu,4.7 out of 5 stars,22093,Hardcover,$9.64,,1040,23/09/2025,Fiction & Action & Adventure,,,#96
"The Next Conversation: Argue Less, Talk More",Jefferson Fisher,4.9 out of 5 stars,3433,Hardcover,$9.65,,304,18/03/2025,Business & Money,,,#97
A Beautiful Year in the Bible:,Alabaster Co. ,4.7 out of 5 stars,3098,Paperback,$26.88,,224,01/09/2024,Bible Study & Reference,,,#98
